link,tag,tag_type
https://en.wikipedia.org/wiki/Sustainable_agriculture ,Sustainable agriculture,Concept
https://en.wikipedia.org/wiki/Sustainable_agriculture ,farming,Activity
https://en.wikipedia.org/wiki/Sustainable_agriculture ,food,Resource
https://en.wikipedia.org/wiki/Sustainable_agriculture ,textile needs,Resource
https://en.wikipedia.org/wiki/Sustainable_agriculture ,ecosystem services,Concept
https://en.wikipedia.org/wiki/Sustainable_agriculture ,sustainability,Concept
https://en.wikipedia.org/wiki/Sustainable_agriculture ,flexible business processes,Practice
https://en.wikipedia.org/wiki/Sustainable_agriculture ,farming practices,Practice
https://en.wikipedia.org/wiki/Sustainable_agriculture ,environmental footprint,Concept
https://en.wikipedia.org/wiki/Sustainable_agriculture ,climate change,Environmental Issue
https://en.wikipedia.org/wiki/Sustainable_agriculture ,greenhouse gas emissions,Environmental Issue
https://en.wikipedia.org/wiki/Sustainable_agriculture ,water scarcity,Environmental Issue
https://en.wikipedia.org/wiki/Sustainable_agriculture ,water pollution,Environmental Issue
https://en.wikipedia.org/wiki/Sustainable_agriculture ,land degradation,Environmental Issue
https://en.wikipedia.org/wiki/Sustainable_agriculture ,deforestation,Environmental Issue
https://en.wikipedia.org/wiki/Sustainable_agriculture ,environment friendly methods,Practice
https://en.wikipedia.org/wiki/Sustainable_agriculture ,crops,Resource
https://en.wikipedia.org/wiki/Sustainable_agriculture ,livestock,Resource
https://en.wikipedia.org/wiki/Sustainable_agriculture ,soil,Resource
https://en.wikipedia.org/wiki/Sustainable_agriculture ,biodiversity,Concept
https://en.wikipedia.org/wiki/Sustainable_agriculture ,permaculture,Practice
https://en.wikipedia.org/wiki/Sustainable_agriculture ,agroforestry,Practice
https://en.wikipedia.org/wiki/Sustainable_agriculture ,mixed farming,Practice
https://en.wikipedia.org/wiki/Sustainable_agriculture ,multiple cropping,Practice
https://en.wikipedia.org/wiki/Sustainable_agriculture ,crop rotation,Practice
https://en.wikipedia.org/wiki/Sustainable_agriculture ,Land sparing,Practice
https://en.wikipedia.org/wiki/Sustainable_agriculture ,conventional intensive agriculture,Practice
https://en.wikipedia.org/wiki/Sustainable_agriculture ,natural habitats,Resource
https://en.wikipedia.org/wiki/Sustainable_agriculture ,sustainable food systems,Concept
https://en.wikipedia.org/wiki/Sustainable_agriculture ,sustainable diets,Practice
https://en.wikipedia.org/wiki/Sustainable_agriculture ,organic certification,Certification
https://en.wikipedia.org/wiki/Sustainable_agriculture ,Rainforest Alliance,Certification
https://en.wikipedia.org/wiki/Sustainable_agriculture ,Fair Trade,Certification
https://en.wikipedia.org/wiki/Sustainable_agriculture ,UTZ Certified,Certification
https://en.wikipedia.org/wiki/Sustainable_agriculture ,GlobalGAP,Certification
https://en.wikipedia.org/wiki/Sustainable_agriculture ,Bird Friendly,Certification
https://en.wikipedia.org/wiki/Sustainable_agriculture ,Common Code for the Coffee Community (4C),Certification
https://en.wikipedia.org/wiki/Sustainable_agriculture ,USDA,Organization
https://en.wikipedia.org/wiki/Sustainable_agriculture ,indigenous communities,Group
https://en.wikipedia.org/wiki/Sustainable_agriculture ,carrying capacity,Concept
https://en.wikipedia.org/wiki/Sustainable_agriculture ,planetary boundaries,Concept
https://en.wikipedia.org/wiki/Sustainable_agriculture ,reconciliation ecology,Concept
https://en.wikipedia.org/wiki/Sustainable_agriculture ,long-term economics,Concept
https://en.wikipedia.org/wiki/Sustainable_agriculture ,resource conservation,Practice
https://en.wikipedia.org/wiki/Sustainable_agriculture ,farmers,Group
https://www.ncbi.nlm.nih.gov/pmc/articles/PMC10457221/ ,.gov,Website Domain
https://www.ncbi.nlm.nih.gov/pmc/articles/PMC10457221/ ,government organization,Organization Type
https://www.ncbi.nlm.nih.gov/pmc/articles/PMC10457221/ ,United States,Country
https://www.ncbi.nlm.nih.gov/pmc/articles/PMC10457221/ ,HTTPS,Security Protocol
https://www.ncbi.nlm.nih.gov/pmc/articles/PMC10457221/ ,lock icon,Security Indicator
https://www.ncbi.nlm.nih.gov/pmc/articles/PMC10457221/ ,PMC Home,Website Section
https://www.ncbi.nlm.nih.gov/pmc/articles/PMC10457221/ ,Support center,Service
